<?xml version="1.0" encoding="UTF-8"?>
<!DOCTYPE mapper PUBLIC "-//mybatis.org//DTD Mapper 3.0//EN" "http://mybatis.org/dtd/mybatis-3-mapper.dtd">
<mapper namespace="kr.soft.bankCard.User.Mapper.UserBoardMapper">

	<!-- User 자신의 글이 아닌경우 조회수 +1 -->
	<update id="userBoardCount">
		UPDATE T_BOARD
		SET BOARD_COUNT = BOARD_COUNT + 1
		WHERE BOARD_SEQ = #{param1}
	</update>

	<!-- User 매거진 상세보기 -->
	<select id="userBoardContent" resultType="BoardVO">
		SELECT T.*, M.*
		FROM T_BOARD T
		JOIN T_MEMBER M ON T.MEMBER_SEQ = M.MEMBER_SEQ
		WHERE T.BOARD_SEQ = #{param1};
	</select>
	
	<!-- User 게시글 최소 번호 -->
	<select id="userBoardMin" resultType="Integer">
		SELECT MIN(BOARD_SEQ)
		FROM T_BOARD;
	</select>
	
	<!-- User 게시글 최대 번호 -->
	<select id="userBoardMax" resultType="Integer">
		SELECT MAX(BOARD_SEQ)
		FROM T_BOARD;
	</select>
	
	<!-- User 게시판 상태 -->
	<select id="userBoardState" resultType="String">
		SELECT BOARD_PUBLIC
		FROM T_BOARD
		WHERE BOARD_SEQ = #{param1}
	</select>

</mapper>